coefficient_number,feature,coefficient
1,LotFrontage,-0.0013125803754796142
2,LotArea,0.021459853333795326
3,OverallQual,0.1143383593900398
4,OverallCond,0.04794922660958968
5,YearBuilt,0.09142595946483602
6,YearRemodAdd,0.027564384401790546
7,MasVnrArea,-0.00649193202394721
8,BsmtFinSF1,0.009726683034388416
9,BsmtFinSF2,0.001543508794682189
10,BsmtUnfSF,0.0022114276303702132
11,TotalBsmtSF,0.012725518782679836
12,1stFlrSF,0.03912314143856709
13,2ndFlrSF,0.019685197174823008
14,LowQualFinSF,0.005418755381880315
15,GrLivArea,0.04554648388350055
16,BsmtFullBath,0.03419606834647377
17,BsmtHalfBath,0.003012187765770739
18,FullBath,0.016306202761026043
19,HalfBath,0.011661954147466692
20,BedroomAbvGr,0.006730424236361959
21,KitchenAbvGr,-0.02433317899495482
22,TotRmsAbvGrd,0.030204416122373703
23,Fireplaces,0.033571313841166094
24,GarageYrBlt,-0.012198644647104736
25,GarageCars,0.05992630322221642
26,GarageArea,0.011736291702295511
27,WoodDeckSF,0.015837995204821365
28,OpenPorchSF,-0.004767489761835256
29,EnclosedPorch,0.01222930909084162
30,3SsnPorch,0.010653073698178691
31,ScreenPorch,0.021197097136639607
32,PoolArea,-0.02067793758612395
33,MiscVal,-0.004049043063443386
34,MoSold,0.005632286244550511
35,YrSold,-0.004119446145959089
