feature,coefficient
Intercept,12.02890
LotFrontage,-0.00118
LotArea,0.02145
OverallQual,0.11428
OverallCond,0.04793
YearBuilt,0.09138
YearRemodAdd,0.02755
MasVnrArea,-0.00648
BsmtFinSF1,0.00972
BsmtFinSF2,0.00154
BsmtUnfSF,0.00221
TotalBsmtSF,0.01272
1stFlrSF,0.03910
2ndFlrSF,0.01968
LowQualFinSF,0.00542
GrLivArea,0.04552
BsmtFullBath,0.03418
BsmtHalfBath,0.00301
FullBath,0.01630
HalfBath,0.01166
BedroomAbvGr,0.00673
KitchenAbvGr,-0.02432
TotRmsAbvGrd,0.03019
Fireplaces,0.03355
GarageYrBlt,-0.01187
GarageCars,0.05990
GarageArea,0.01173
WoodDeckSF,0.01583
OpenPorchSF,-0.00477
EnclosedPorch,0.01222
3SsnPorch,0.01065
ScreenPorch,0.02119
PoolArea,-0.02067
MiscVal,-0.00405
MoSold,0.00563
YrSold,-0.00412
