feature,beta_solve,beta_pinv,se_solve,se_pinv
Intercept,12.02890,12.02890,0.00472,0.00472
LotFrontage,-0.00118,-0.00118,0.00566,0.00566
LotArea,0.02145,0.02145,0.00532,0.00532
OverallQual,0.11428,0.11428,0.00846,0.00846
OverallCond,0.04793,0.04793,0.00595,0.00595
YearBuilt,0.09138,0.09138,0.01084,0.01084
YearRemodAdd,0.02755,0.02755,0.00746,0.00746
MasVnrArea,-0.00648,-0.00648,0.00563,0.00563
BsmtFinSF1,0.19623,0.00972,88176.24841,0.00530
BsmtFinSF2,0.06286,0.00154,28986.98468,0.00489
BsmtUnfSF,0.18306,0.00221,85498.84987,0.00471
TotalBsmtSF,-0.16870,0.01272,85770.85327,0.00658
1stFlrSF,0.14653,0.03910,70854.96986,0.00782
2ndFlrSF,0.14132,0.01968,80235.79677,0.00656
LowQualFinSF,0.01864,0.00542,8721.50032,0.00504
GrLivArea,-0.10090,0.04552,96577.95266,0.00712
BsmtFullBath,0.03418,0.03418,0.00702,0.00702
BsmtHalfBath,0.00301,0.00301,0.00516,0.00516
FullBath,0.01630,0.01630,0.00802,0.00802
HalfBath,0.01166,0.01166,0.00685,0.00685
BedroomAbvGr,0.00673,0.00673,0.00739,0.00739
KitchenAbvGr,-0.02432,-0.02432,0.00564,0.00564
TotRmsAbvGrd,0.03019,0.03019,0.01065,0.01065
Fireplaces,0.03355,0.03355,0.00596,0.00596
GarageYrBlt,-0.01187,-0.01187,0.00858,0.00858
GarageCars,0.05990,0.05990,0.01098,0.01098
GarageArea,0.01173,0.01173,0.01102,0.01102
WoodDeckSF,0.01583,0.01583,0.00526,0.00526
OpenPorchSF,-0.00477,-0.00477,0.00519,0.00519
EnclosedPorch,0.01222,0.01222,0.00543,0.00543
3SsnPorch,0.01065,0.01065,0.00479,0.00479
ScreenPorch,0.02119,0.02119,0.00505,0.00505
PoolArea,-0.02067,-0.02067,0.00520,0.00520
MiscVal,-0.00405,-0.00405,0.00490,0.00490
MoSold,0.00563,0.00563,0.00486,0.00486
YrSold,-0.00412,-0.00412,0.00487,0.00487
