feature,beta_statsmodels,se_statsmodels,beta_pinv,se_pinv,se_ratio_statsmodels_to_pinv
Intercept,12.02890,0.00472,12.02890,0.00472,0.99899
LotFrontage,-0.00118,0.00566,-0.00118,0.00566,0.99899
LotArea,0.02145,0.00531,0.02145,0.00532,0.99899
OverallQual,0.11428,0.00845,0.11428,0.00846,0.99899
OverallCond,0.04793,0.00595,0.04793,0.00595,0.99899
YearBuilt,0.09138,0.01083,0.09138,0.01084,0.99899
YearRemodAdd,0.02755,0.00746,0.02755,0.00746,0.99899
MasVnrArea,-0.00648,0.00562,-0.00648,0.00563,0.99899
BsmtFinSF1,0.00972,0.00530,0.00972,0.00530,0.99899
BsmtFinSF2,0.00154,0.00489,0.00154,0.00489,0.99899
BsmtUnfSF,0.00221,0.00470,0.00221,0.00471,0.99899
TotalBsmtSF,0.01272,0.00657,0.01272,0.00658,0.99899
1stFlrSF,0.03910,0.00781,0.03910,0.00782,0.99899
2ndFlrSF,0.01968,0.00656,0.01968,0.00656,0.99899
LowQualFinSF,0.00542,0.00503,0.00542,0.00504,0.99899
GrLivArea,0.04552,0.00711,0.04552,0.00712,0.99899
BsmtFullBath,0.03418,0.00702,0.03418,0.00702,0.99899
BsmtHalfBath,0.00301,0.00516,0.00301,0.00516,0.99899
FullBath,0.01630,0.00801,0.01630,0.00802,0.99899
HalfBath,0.01166,0.00684,0.01166,0.00685,0.99899
BedroomAbvGr,0.00673,0.00738,0.00673,0.00739,0.99899
KitchenAbvGr,-0.02432,0.00563,-0.02432,0.00564,0.99899
TotRmsAbvGrd,0.03019,0.01063,0.03019,0.01065,0.99899
Fireplaces,0.03355,0.00595,0.03355,0.00596,0.99899
GarageYrBlt,-0.01187,0.00858,-0.01187,0.00858,0.99899
GarageCars,0.05990,0.01097,0.05990,0.01098,0.99899
GarageArea,0.01173,0.01101,0.01173,0.01102,0.99899
WoodDeckSF,0.01583,0.00525,0.01583,0.00526,0.99899
OpenPorchSF,-0.00477,0.00518,-0.00477,0.00519,0.99899
EnclosedPorch,0.01222,0.00543,0.01222,0.00543,0.99899
3SsnPorch,0.01065,0.00479,0.01065,0.00479,0.99899
ScreenPorch,0.02119,0.00504,0.02119,0.00505,0.99899
PoolArea,-0.02067,0.00520,-0.02067,0.00520,0.99899
MiscVal,-0.00405,0.00490,-0.00405,0.00490,0.99899
MoSold,0.00563,0.00486,0.00563,0.00486,0.99899
YrSold,-0.00412,0.00486,-0.00412,0.00487,0.99899
