feature,beta_numpy_solve,beta_sklearn,abs_difference
Intercept,12.02890,12.02890,0.00000
LotFrontage,-0.00118,-0.00118,0.00000
LotArea,0.02145,0.02145,0.00000
OverallQual,0.11428,0.11428,0.00000
OverallCond,0.04793,0.04793,0.00000
YearBuilt,0.09138,0.09138,0.00000
YearRemodAdd,0.02755,0.02755,0.00000
MasVnrArea,-0.00648,-0.00648,0.00000
BsmtFinSF1,0.19623,0.00972,0.18651
BsmtFinSF2,0.06286,0.00154,0.06131
BsmtUnfSF,0.18306,0.00221,0.18085
TotalBsmtSF,-0.16870,0.01272,0.18142
1stFlrSF,0.14653,0.03910,0.10742
2ndFlrSF,0.14132,0.01968,0.12164
LowQualFinSF,0.01864,0.00542,0.01322
GrLivArea,-0.10090,0.04552,0.14642
BsmtFullBath,0.03418,0.03418,0.00000
BsmtHalfBath,0.00301,0.00301,0.00000
FullBath,0.01630,0.01630,0.00000
HalfBath,0.01166,0.01166,0.00000
BedroomAbvGr,0.00673,0.00673,0.00000
KitchenAbvGr,-0.02432,-0.02432,0.00000
TotRmsAbvGrd,0.03019,0.03019,0.00000
Fireplaces,0.03355,0.03355,0.00000
GarageYrBlt,-0.01187,-0.01187,0.00000
GarageCars,0.05990,0.05990,0.00000
GarageArea,0.01173,0.01173,0.00000
WoodDeckSF,0.01583,0.01583,0.00000
OpenPorchSF,-0.00477,-0.00477,0.00000
EnclosedPorch,0.01222,0.01222,0.00000
3SsnPorch,0.01065,0.01065,0.00000
ScreenPorch,0.02119,0.02119,0.00000
PoolArea,-0.02067,-0.02067,0.00000
MiscVal,-0.00405,-0.00405,0.00000
MoSold,0.00563,0.00563,0.00000
YrSold,-0.00412,-0.00412,0.00000
