param_svd__n_components,cv_mse,cv_std,split0_test_score,split1_test_score,split2_test_score,split3_test_score,split4_test_score,split5_test_score,split6_test_score,split7_test_score
10,0.029087731540477745,0.014396405662497834,-0.02777090262104996,-0.022080308761089792,-0.018753929627455486,-0.016088020456794132,-0.06461873123764944,-0.03124292083821919,-0.021269027992705573,-0.030878010788858344
15,0.027707745876076485,0.0129922021027616,-0.02500415222224417,-0.020735647258752238,-0.018639683670452926,-0.015857519252078133,-0.059603239235885924,-0.030895254866675253,-0.02132542443323845,-0.029601046069284768
20,0.027524118576048945,0.013165081245255957,-0.02455807521841131,-0.020055780453243157,-0.01995010996236136,-0.015912386897792636,-0.060664690140588895,-0.028422074972280047,-0.022080835933295722,-0.02854899503041842
25,0.0283327149498366,0.013206738753076435,-0.02454766366726207,-0.0195552673213647,-0.02695123860193324,-0.015650753547646685,-0.061560129616074426,-0.029307342348240888,-0.022605191258740102,-0.0264841332374307
30,0.029240847606257246,0.015629461650340595,-0.02252866736298919,-0.01909668872697251,-0.030371500600678277,-0.01473878409389667,-0.06852759161859627,-0.029518683153437506,-0.02262546290014203,-0.026519402393345527
35,0.026333645758867708,0.013062011965969565,-0.021876513285993972,-0.01808961759675054,-0.02565346039087254,-0.014541784723276836,-0.05930068568427403,-0.027856173890663756,-0.020086837054085274,-0.023264093445024715
40,0.02603200817716457,0.01312274155075994,-0.021289531531565466,-0.017209576544708723,-0.023757941476193017,-0.014472645662800182,-0.05928958686276152,-0.027586563089900772,-0.02119180227292792,-0.02345841797645893
45,0.02606987975452247,0.012967958167914805,-0.021486473935039392,-0.017049114111915946,-0.024662455529032346,-0.014344555796208289,-0.058779292395583424,-0.027725600900621566,-0.02131883286027533,-0.023192712507503484
50,0.026367978835717558,0.013761164476810568,-0.02156944489378384,-0.017048342452245322,-0.024626068917286623,-0.014743636697417883,-0.06132311559857588,-0.027765910877372284,-0.02056000962706899,-0.023307301621989643
55,0.026435236817539946,0.013918480769085919,-0.021612692692832648,-0.016728556546713354,-0.02438092617003135,-0.014864316535285558,-0.061833566342252885,-0.02767215334568832,-0.02083905904023808,-0.023550623867277375
60,0.02627272191045325,0.013435128429201804,-0.022343118258744438,-0.01666472153901576,-0.022876662038612404,-0.015480776006491578,-0.06055993022774214,-0.027097632740502135,-0.021047599098766478,-0.024111335373751066
65,0.02641205993927981,0.013283659258715743,-0.022469252770365086,-0.01674341712113838,-0.024275359124640846,-0.015822782912325792,-0.060325427720526875,-0.026564078145257262,-0.020827924861107606,-0.024268236858876604
70,0.026004901059991512,0.012516153456651129,-0.022399206087508443,-0.01647061728247532,-0.024002540372372143,-0.0162558875380729,-0.05788787145271905,-0.026619914700684314,-0.020710947831324523,-0.023692223214775425
75,0.025322649674915668,0.011885456785922722,-0.022807349953386378,-0.0155866568110359,-0.023238523621420155,-0.01585797044400029,-0.055418901481265936,-0.025296293742112355,-0.019993167675708058,-0.024382333670396293
80,0.02460585209301545,0.010897207925599985,-0.021151385536373593,-0.015992676384519094,-0.02087784126166911,-0.016553352888159477,-0.05237100226736869,-0.025615071177010985,-0.02140916086757814,-0.022876326361444526
85,0.024382252700097914,0.010873131930360005,-0.02093874894968087,-0.01602944585686628,-0.020822709756117837,-0.016418622007432476,-0.05211999305890601,-0.025305024688173527,-0.02037269331850163,-0.023050783965104692
90,0.02414958226662487,0.01083147914524142,-0.02020695958393854,-0.0163900450184066,-0.020848595345243456,-0.015855087999131094,-0.0518982050935224,-0.02422816833524104,-0.02068752118024086,-0.023082075577274996
95,0.02461502711045132,0.011579080279544008,-0.02042124633245989,-0.016639321727174642,-0.020233830600890196,-0.01577179788529972,-0.05421717937344115,-0.025553666048092998,-0.020701830678418777,-0.023381344237833158
100,0.02412024738287509,0.010420882775433396,-0.02048710100299933,-0.016793851388615992,-0.01994897775725534,-0.01568132633624232,-0.05048722353236526,-0.02574509632602765,-0.020231009093832845,-0.023587393625661982
105,0.023890430559702386,0.009766118060966179,-0.020197815759612124,-0.01713857333797695,-0.019356428393996664,-0.016116089371683316,-0.048530071772400554,-0.02573843864764752,-0.02039598961339741,-0.02365003758090457
110,0.024026810985593356,0.009847959687008181,-0.02102373479056621,-0.01703595721110206,-0.020021817391709804,-0.01633098752648222,-0.049010012824748525,-0.025362119497245074,-0.01997290638389633,-0.023456952258996626
115,0.024316864416500154,0.010992471231098774,-0.021441416906782387,-0.017413187527224993,-0.018715386498143635,-0.015379210341425472,-0.05222840410177514,-0.025484470734993516,-0.01996946322332019,-0.023903375998335898
120,0.0241318110139066,0.010446429406792631,-0.02095735313710765,-0.01738215693035697,-0.019447282666101615,-0.016066776273720135,-0.050651565070427694,-0.025166953565459914,-0.019034467534853113,-0.0243479329332257
125,0.023491472437217466,0.00950951442045266,-0.020585840887487883,-0.017872697160553203,-0.017979538557741842,-0.016138981697093276,-0.0476185994269293,-0.024526262799733002,-0.019520953222879032,-0.0236889057453222
130,0.023287635033761064,0.009879079516279402,-0.02020711063370445,-0.017492081189907534,-0.018080444925170802,-0.015109766171419561,-0.048527296088385484,-0.02276596873996727,-0.02076140938842508,-0.023357003133108338
135,0.02319454018915148,0.009364891983127822,-0.020551351787950638,-0.017868532365476524,-0.017572580678628925,-0.01528480391762712,-0.04701152776514957,-0.022159121029655234,-0.0213406539020892,-0.023767750066634633
140,0.023223269240846472,0.009550785015760517,-0.020669227325347296,-0.018154640835237667,-0.016241736132906092,-0.015370937656887492,-0.04738253663781612,-0.02275862133765958,-0.02149238392402191,-0.023716070076895617
145,0.023011117004752044,0.009354452475356895,-0.020327646408681156,-0.018480018198353043,-0.01661340443946781,-0.015141717124741173,-0.04678309880144236,-0.02176128623499706,-0.02143123294830439,-0.023550531882029355
150,0.022798324259820882,0.009136733856261799,-0.020317129413360217,-0.017756262929363012,-0.01647450270383974,-0.015447124660331674,-0.045968045873187126,-0.020991671665461058,-0.021687310862687027,-0.023744545970337212
155,0.023395470641370403,0.00990810914222276,-0.020909553025059053,-0.017410527245138016,-0.0164462189545291,-0.01566971385122636,-0.048493091338760196,-0.02106655904451118,-0.0235647573224388,-0.02360334434930053
160,0.02365551965170636,0.009544171019975565,-0.020351549668599884,-0.01748755058083332,-0.01650288051685934,-0.01591303575332771,-0.04748606293795799,-0.0233922933082227,-0.024490916319685863,-0.023619868128164058
165,0.023797533410471968,0.009827953157246551,-0.019922015928467283,-0.017260533663279603,-0.017187403785287683,-0.016680827854683722,-0.048675963494290445,-0.022728753292826014,-0.024453845101129003,-0.02347092416381199
170,0.02379155840901933,0.009270301579331786,-0.020377471062932948,-0.017254860915466366,-0.017735363006066505,-0.016467720250998942,-0.047078949550988826,-0.023490872691303132,-0.024385047781163252,-0.023542182013234686
175,0.024246613195347464,0.00969543436307204,-0.020552395344522783,-0.016921035090088767,-0.018510013650269615,-0.01677571495226256,-0.04861301603392057,-0.023538995543576406,-0.025423457492422342,-0.02363827745571667
180,0.024473060921897258,0.009490153091105347,-0.020885605313321357,-0.01679886187285925,-0.018939143738289116,-0.016952508903106213,-0.048122453957905785,-0.024529583944191184,-0.025796686321422242,-0.023759643324082924
185,0.024667683535661684,0.009088049805950772,-0.02091372460992592,-0.016327403603576346,-0.020269927130186,-0.017816153354112442,-0.04718057395091424,-0.024021491878046506,-0.02651665596633161,-0.02429553779220043
190,0.02474807775396766,0.009165755101120771,-0.021383000195247966,-0.01661855049223083,-0.021487615617774368,-0.017716163498212624,-0.04781967771540519,-0.02455766656064941,-0.02511298120792735,-0.023288966744293548
195,0.02507166337939218,0.009420542792604703,-0.021699290068761177,-0.016476180638494112,-0.022357619585721723,-0.01767771393931601,-0.04877021625703387,-0.024183832130107386,-0.02473245153048191,-0.02467600288522126
200,0.02553110888951813,0.009474077339816223,-0.0240754010840886,-0.01752637580976665,-0.023085928669149408,-0.017697711944339695,-0.04957536170860605,-0.02379995326351117,-0.0244601080621631,-0.024028030574520375
205,0.02623683630246639,0.010168511658567655,-0.023670649721721032,-0.018080668963158613,-0.02399554342375965,-0.017473238150543274,-0.052022568995912545,-0.024251729399441292,-0.02599465680929951,-0.024405634955895202
210,0.026825485441330805,0.010291802097721948,-0.02528106272388049,-0.01934334606405102,-0.024455124795173974,-0.01826031097091204,-0.053188725330713,-0.02459389863300114,-0.025555585912392258,-0.02392582910052253
215,0.027219971740086148,0.01050379509630694,-0.024970725747926126,-0.01774590891091172,-0.025286489418239737,-0.01889769971723132,-0.05377110306003448,-0.02679506457542297,-0.025881088211168038,-0.024411694279754797
220,0.027826860398178926,0.012158887711733702,-0.021996100051401766,-0.01796906278454939,-0.025843337399308886,-0.018560542394397368,-0.05854197137616195,-0.027931550256605004,-0.028207129909162538,-0.023565189013844506
225,0.03051616649327417,0.01219500648944684,-0.024851508301391226,-0.016344464333658004,-0.03850713739713661,-0.020677451383509897,-0.0576502848057419,-0.032341280232376195,-0.03075860815263751,-0.02299859733974203
230,0.03153162686994919,0.012782604846541803,-0.027211767186728845,-0.01819141755478864,-0.030661094225100598,-0.02253191524918728,-0.06036381446398251,-0.035014994794591484,-0.03846388427884218,-0.019814127206372
235,0.03312844740102347,0.013288133620579932,-0.03205874766872045,-0.019790970321135,-0.030574035301554735,-0.02191515210132575,-0.06161069603052703,-0.03618093754970079,-0.043176689230167216,-0.019720351005056765
240,0.03519751656829179,0.015000751797618058,-0.032590281671674604,-0.022892886393169692,-0.038602152837972935,-0.023964284551831493,-0.07073124055520819,-0.03584114036813097,-0.03716432008872475,-0.01979382607962169
245,0.04845606072750846,0.03514152915008983,-0.0751900750778485,-0.028761424511501654,-0.029808017168096643,-0.025436261705659474,-0.13135819792855652,-0.034782325410266504,-0.04213007141816438,-0.02018211259997399
