param_model__alpha,param_model__l1_ratio,cv_mse,cv_std,split0_test_score,split1_test_score,split2_test_score,split3_test_score,split4_test_score,split5_test_score,split6_test_score,split7_test_score
1e-05,0.01,0.031065116864407046,0.014269103052207084,-0.030321331422213552,-0.016995301928536658,-0.02747761695713499,-0.02100163118259811,-0.0629387757134635,-0.030904861658901474,-0.041585015092594095,-0.017296400959813975
1e-05,0.02,0.031076842304617637,0.014325841467095589,-0.030307227524536032,-0.017013425321315667,-0.02746199337521956,-0.020976426849404078,-0.06316497124578442,-0.03091254270214487,-0.041492963827380075,-0.017285187591156423
1e-05,0.05,0.0311193806957948,0.014515698154415438,-0.030289936827445844,-0.01701364098030518,-0.027483067746929695,-0.020905610119655922,-0.06389224572142735,-0.03090127846824877,-0.041218526052867036,-0.017250739649478576
1e-05,0.1,0.031281251695848826,0.014794634570005884,-0.03034590159319946,-0.016988027920815427,-0.02812605592965061,-0.020799865805606853,-0.06495375424219905,-0.030889597215606475,-0.04095456423371112,-0.017192246626001616
1e-05,0.25,0.03137862460584945,0.014877623890107538,-0.030609594418658362,-0.016916159726257995,-0.02958566993362579,-0.020512284373235136,-0.06543604611333183,-0.03084700045830275,-0.04004232225319828,-0.01707991957018541
1e-05,0.5,0.031450831221135706,0.015149559216952418,-0.029701815248379983,-0.016793001101670663,-0.031038060191864177,-0.020188164000807654,-0.06646409085330642,-0.030830880963597485,-0.039361412309680474,-0.017229225099778825
1e-05,0.75,0.03216959984539093,0.016186379494740277,-0.02927262023705375,-0.01670934705933471,-0.03417310077624497,-0.02000484692804421,-0.06990941647155245,-0.03080570882768059,-0.03918529021610797,-0.01729646824710878
1e-05,0.9,0.032259995722326004,0.01672187013919834,-0.029042477067681163,-0.016628782664964488,-0.033874006261278414,-0.01986602619226987,-0.07164209037884531,-0.030776770001116047,-0.039050049783251606,-0.017199763429201122
1e-05,1.0,0.030531455585220767,0.01712634429018042,-0.02906067541900595,-0.01658222420437315,-0.020455649818655885,-0.019791261744793506,-0.0715286141698612,-0.03073688129424946,-0.03899652135413229,-0.017099816676694714
1.778279410038923e-05,0.01,0.03180031583735896,0.014974254051331112,-0.0296293879355064,-0.016998485348173432,-0.03241412223887094,-0.02085035491203977,-0.06587124650091367,-0.030573723047825074,-0.040696381645891455,-0.017368825069650942
1.778279410038923e-05,0.02,0.031818637619123374,0.015046115152011387,-0.029599341138854724,-0.017016367199339865,-0.03244584319325804,-0.02081550957211704,-0.06614047832816601,-0.030582081932183675,-0.04059146523556734,-0.017358014353500328
1.778279410038923e-05,0.05,0.03177096844767739,0.015070429595352723,-0.02954220709210429,-0.01700850544993238,-0.032495067318252434,-0.020704157913929332,-0.06624299100269454,-0.030563569280370424,-0.04028782406954684,-0.017323425454588887
1.778279410038923e-05,0.1,0.03174322553451125,0.015113333920848564,-0.02958054740738104,-0.016977846151672707,-0.03265331825069964,-0.020559917519699974,-0.06637636474671885,-0.030550733754027948,-0.03998957050195689,-0.017257505943932928
1.778279410038923e-05,0.25,0.03168597213562346,0.01539252283681796,-0.02971046426647929,-0.016883547835947785,-0.03267257668741336,-0.020137210074484678,-0.06737052317251369,-0.030536528025672374,-0.03898534019699624,-0.017191586825480255
1.778279410038923e-05,0.5,0.03199294192440669,0.016336727359683785,-0.02868665016551624,-0.016674921368741834,-0.034594949344947605,-0.019685179621851085,-0.07041502641481624,-0.030450608180936284,-0.03811282471929958,-0.017323375579144613
1.778279410038923e-05,0.75,0.03196000754989091,0.01646364463938819,-0.027930132614387808,-0.01658637717611526,-0.035667305866216345,-0.019360794758145575,-0.07061168775691218,-0.03046709612627507,-0.03772341732611417,-0.017333248774960855
1.778279410038923e-05,0.9,0.031659322400692386,0.016318402995847425,-0.02766176639121915,-0.016572756612442757,-0.03451533874226635,-0.01916651676950004,-0.07011520468966641,-0.0304840499065654,-0.03751949026646122,-0.017239455827417774
1.778279410038923e-05,1.0,0.02971110873834029,0.01663725633025914,-0.02747641113980623,-0.01655664394253201,-0.019698759643882076,-0.019103167882657607,-0.06977878094911986,-0.03053277321503629,-0.03740963045637731,-0.017132702677310936
3.1622776601683795e-05,0.01,0.031994138054404535,0.015340782759788273,-0.028701951567288744,-0.01699843764337921,-0.03566335881224583,-0.020589893785157964,-0.06715916447627046,-0.03007682899932454,-0.03927056737390042,-0.01749290177766912
3.1622776601683795e-05,0.02,0.031972113159970575,0.015350846088669455,-0.028664717774341153,-0.017015851135444307,-0.03564020002734056,-0.02053442678180461,-0.06720376782623297,-0.030084628451686524,-0.039150096132331384,-0.017483217150583066
3.1622776601683795e-05,0.05,0.03190949114402274,0.015399411025745898,-0.028567836592437126,-0.016999382267251114,-0.03564069158096572,-0.020381217106076564,-0.06736344874188759,-0.03007340839120158,-0.03879817331905555,-0.017451771153306702
3.1622776601683795e-05,0.1,0.031883952171772936,0.015508352310020243,-0.02852810391356654,-0.016963112355192794,-0.03579793725836621,-0.020178733491706565,-0.0676759497347829,-0.030068183254741705,-0.03847049512730915,-0.01738910223851766
3.1622776601683795e-05,0.25,0.03160679554099125,0.01588748582612299,-0.028376566213491872,-0.01681898226169766,-0.034449025217981655,-0.01956642109249797,-0.06901660060205062,-0.030023569853247986,-0.03725311736929897,-0.01735008171766329
3.1622776601683795e-05,0.5,0.031368507601102366,0.01615427515782086,-0.027128325693616784,-0.016569816590182567,-0.03512182670021487,-0.018933100788467945,-0.06963398317983882,-0.030041359524656572,-0.03607351925972895,-0.01744612907211243
3.1622776601683795e-05,0.75,0.03089868461679392,0.01578468915144168,-0.026261168921101054,-0.01655772126367794,-0.03443073395882432,-0.018537911282710533,-0.06827713682900337,-0.030157647848567913,-0.035542642118298065,-0.01742451471216818
3.1622776601683795e-05,0.9,0.03057786580582947,0.015595229680348512,-0.025782147793389006,-0.016515691693014107,-0.03350465380443999,-0.01828921645707614,-0.06754617165092766,-0.030312307534850032,-0.03535474207796456,-0.01731799543497423
3.1622776601683795e-05,1.0,0.02856804554191176,0.01592811344483249,-0.02543800799899991,-0.01648151617726357,-0.01844977582804018,-0.018140926279884142,-0.06711073601250478,-0.030436940956571044,-0.03526574598079771,-0.017220715101232742
5.623413251903491e-05,0.01,0.031699041913772805,0.015461142985902584,-0.027428977784890684,-0.016992852261114848,-0.03726735038049135,-0.020189315982997807,-0.0675262156756836,-0.02937311771801226,-0.037116913303028284,-0.0176975922039636
5.623413251903491e-05,0.02,0.03166372985627475,0.015468972816591164,-0.027363282496300788,-0.017003516404673853,-0.03724901284031663,-0.02011350649303762,-0.0675454140892882,-0.02938143542923638,-0.03696978044607213,-0.017683890651272353
5.623413251903491e-05,0.05,0.03156459150146502,0.015516504082723098,-0.027178707787887744,-0.01697093147728087,-0.037262391687994924,-0.019900778195901653,-0.06764482667028437,-0.029376497887278648,-0.03654600757138688,-0.01763659073370506
5.623413251903491e-05,0.1,0.0314981269376279,0.015613696144153068,-0.027030788881091516,-0.01692313031180266,-0.03747192719697966,-0.01962073594877348,-0.06784849411979726,-0.029364744934869742,-0.03614367803630565,-0.01758151607140324
5.623413251903491e-05,0.25,0.03097040867665788,0.015751433257264292,-0.0264391125817363,-0.016661624917886288,-0.036094901591221015,-0.018744608110386148,-0.06823597582725223,-0.029379304127045976,-0.03462549506566089,-0.017582247192074203
5.623413251903491e-05,0.5,0.030019224223288288,0.015275985049865437,-0.024864874982134987,-0.016630037589867825,-0.033612666918171386,-0.017936849944334338,-0.06661869101635251,-0.029555998190300165,-0.033243475060781,-0.017691200084364072
5.623413251903491e-05,0.75,0.029462836780091806,0.014933484784325499,-0.023610019555307764,-0.016430785238938733,-0.03272775674006137,-0.017438188384470213,-0.06515738618369074,-0.02988004658881076,-0.03279921934134047,-0.0176592922081144
5.623413251903491e-05,0.9,0.029215342147523197,0.014776231882282349,-0.02291179284896141,-0.016368199943540912,-0.03219389292162741,-0.01715897722393607,-0.06444407080719501,-0.030216522697519937,-0.032751477163468,-0.017677803573936827
5.623413251903491e-05,1.0,0.027206383006656145,0.015113315551364057,-0.02245053211156351,-0.016366366408739553,-0.017194419118186897,-0.01693831414809893,-0.06394288273755538,-0.03043743540570877,-0.03268122190582471,-0.017639892217571413
0.0001,0.01,0.030924616067407207,0.01529803171088967,-0.02588266543845867,-0.016966778170423913,-0.037342985623971925,-0.019608312604886706,-0.06697017283121423,-0.028450753474986212,-0.03416681561291053,-0.01800844478240547
0.0001,0.02,0.03087344656817754,0.015297555415712712,-0.025795291163642313,-0.016969178949586793,-0.037331135134861235,-0.019508067588009756,-0.06693909334954175,-0.028460073060426836,-0.0339900719605025,-0.017994661338849118
0.0001,0.05,0.030727315062657624,0.015316352335429469,-0.02553606347045538,-0.016916319921706512,-0.03733704269895247,-0.019220074551665235,-0.0668812447524956,-0.028462479760453827,-0.03350432419035963,-0.01796097115517232
0.0001,0.1,0.030591371029498347,0.015352153475419378,-0.02535700774077366,-0.016851547569619582,-0.03755423261774659,-0.018798594913026705,-0.06680299868396858,-0.028481073042676303,-0.03296023053340293,-0.01792528313477243
0.0001,0.25,0.029650750767242016,0.015006754847528834,-0.02420124213412638,-0.01671757744290378,-0.03506805255262334,-0.017813623447776636,-0.06565243550241166,-0.028581989286814134,-0.03116644150966775,-0.018004644261612433
0.0001,0.5,0.0285603997718271,0.014366105374529517,-0.02224430610763889,-0.016581635926670744,-0.03198462260099784,-0.016905259226619833,-0.06335775005914637,-0.029070022711618675,-0.030105220797361505,-0.01823438074456293
0.0001,0.75,0.028068918654284913,0.013960396877014985,-0.02097691883951154,-0.016431217199383875,-0.031252651002653856,-0.016289704235393217,-0.061567299627570515,-0.02989792325413858,-0.029856532474896596,-0.01827910260073113
0.0001,0.9,0.027888095706182066,0.013738531173328346,-0.020508624718970934,-0.016409550609406024,-0.030960136785730834,-0.0159576132813719,-0.06056258654597848,-0.030578090567428266,-0.029890138612342517,-0.018238024528227557
0.0001,1.0,0.026000946057577346,0.014042430195603098,-0.020227479030084938,-0.01631008905955405,-0.01654300132941215,-0.015777773165588836,-0.05998274317551767,-0.03100002107823801,-0.029965347908415225,-0.018201113713807896
0.00017782794100389227,0.01,0.02975920354425668,0.014901141115116747,-0.024171304480920607,-0.016894909423567382,-0.0360439011693304,-0.01883118994110998,-0.06562988738331722,-0.027388898743816708,-0.03065035150293209,-0.018463185709059048
0.00017782794100389227,0.02,0.029686868585241683,0.014884149434377202,-0.02405330052645179,-0.016905049972008243,-0.03602387178803226,-0.018685350059692934,-0.06552312301089148,-0.027411670555242938,-0.030432078023216763,-0.018460504746397054
0.00017782794100389227,0.05,0.02949027137666569,0.014841315771149971,-0.023782921930003337,-0.016851490980523715,-0.03603080037115326,-0.018309251103409134,-0.06521133313913989,-0.027440498692138802,-0.029837137821176092,-0.018458736975781282
0.00017782794100389227,0.1,0.02926174602017278,0.014732023054890325,-0.02355145896623334,-0.016807138119737008,-0.03605226371494398,-0.017840828908369112,-0.0646523976867732,-0.027518340880560092,-0.029200785889605584,-0.018470753995159923
0.00017782794100389227,0.25,0.028055040290564652,0.0140730973163847,-0.02182808385220303,-0.016677551285341735,-0.03273233124167409,-0.016763311284292582,-0.0624023295112777,-0.02780466773374556,-0.027487944031799057,-0.018744103384183464
0.00017782794100389227,0.5,0.027141207352736778,0.013360939637789204,-0.020121641596650433,-0.01644195650769679,-0.03039526109116434,-0.01579148711178011,-0.05963472852821087,-0.028816616380680893,-0.026928203129799957,-0.018999764475910827
0.00017782794100389227,0.75,0.026597977333706224,0.013014096541938894,-0.01898922679271416,-0.015908935992686096,-0.029770442304534187,-0.015120401244003025,-0.057822095144457714,-0.029457877257788232,-0.026722493994835367,-0.018992345938630983
0.00017782794100389227,0.9,0.02638442100703946,0.012888657906809825,-0.018561274287002855,-0.015620074527950577,-0.029437257257513692,-0.01478155116787883,-0.05708967091985398,-0.029667046221956324,-0.026887936631988622,-0.019030557042170815
0.00017782794100389227,1.0,0.024669031057557,0.01327385996587773,-0.018368908144256915,-0.015428076479215116,-0.016155903956558325,-0.014541030209739576,-0.05699999010857781,-0.02982497851944893,-0.02702237089374497,-0.01901099014891434
0.00031622776601683794,0.01,0.02838363123256175,0.01433025519674339,-0.022547243595892,-0.016743983230871323,-0.033650301502260505,-0.017918226116471363,-0.06364331059631272,-0.02637682760631785,-0.027145625434472194,-0.019043531777896073
0.00031622776601683794,0.02,0.02829744524201242,0.014290406088622996,-0.022411503572394458,-0.016760099993035585,-0.03360199933013154,-0.01777945351739224,-0.06345837867205943,-0.0264096381354081,-0.02690244356665081,-0.01905604514902719
0.00031622776601683794,0.05,0.028037240412881834,0.01412947715628386,-0.02214520446005102,-0.016724201627341097,-0.03347093482971403,-0.017357839359484702,-0.06275635019077642,-0.026473128398887942,-0.026270398398159995,-0.01909986603863946
0.00031622776601683794,0.1,0.027650668997128272,0.01382957304316148,-0.021687999586804917,-0.016615271886488425,-0.03309611238092307,-0.01677344685121722,-0.06155065126224279,-0.026640281310743592,-0.02556909824103331,-0.01927249045757286
0.00031622776601683794,0.25,0.026486185800091325,0.013122182064852552,-0.020067813808056254,-0.01641770058195368,-0.02935045658833374,-0.015796526838912618,-0.059054713178910305,-0.027210959662862653,-0.02433302741061135,-0.019658288331090006
0.00031622776601683794,0.5,0.025548127044486668,0.012513127105369372,-0.018689354111020066,-0.0155806791157916,-0.028290809033694145,-0.014687649990308114,-0.05625654201733948,-0.027227402704829942,-0.023727721452717884,-0.019924857930192136
0.00031622776601683794,0.75,0.025079389091449876,0.012582228923109555,-0.01809479497536729,-0.014901933102237789,-0.02779792537156371,-0.013869555789161651,-0.05579020248041945,-0.027238253736136718,-0.023372728095113832,-0.019569719181598562
0.00031622776601683794,0.9,0.024920232577916878,0.0126147470305447,-0.01815534359202862,-0.014642310951383726,-0.027263127059852635,-0.013480984294282817,-0.05566074026498652,-0.027537180430846395,-0.0232386109504596,-0.01938356307949472
0.00031622776601683794,1.0,0.023584032128362017,0.012950291512710656,-0.018133623948406993,-0.014440232270664835,-0.016503715999507923,-0.013305155055291342,-0.0557508146357437,-0.027965190073978352,-0.02330255634375571,-0.01927096869954728
0.0005623413251903491,0.01,0.02697415197276827,0.013607942394096446,-0.02114143826634455,-0.016502424896469938,-0.030560666085980993,-0.016986006390002917,-0.06108094499524611,-0.02546479678242202,-0.024334328774624336,-0.019722609591055314
0.0005623413251903491,0.02,0.026855763252926518,0.013520910755301539,-0.020988439392980368,-0.016476279243090988,-0.030484284937976308,-0.016813444449744024,-0.06071713972607164,-0.025505897569559535,-0.024099593700624148,-0.01976102700336514
0.0005623413251903491,0.05,0.026545623596229834,0.013259984374677793,-0.020643637691047455,-0.016368900178640212,-0.030267471968878856,-0.016353627034300697,-0.05966076617126526,-0.025622030374140927,-0.023531617349045658,-0.019916938002519594
0.0005623413251903491,0.1,0.02612486372063096,0.012929116937878425,-0.02003423514360733,-0.016330829643769043,-0.029523458952807072,-0.015848688643656433,-0.05839340941040612,-0.02579580084711262,-0.022887028775860522,-0.020185458347828544
0.0005623413251903491,0.25,0.025075161102497058,0.012237811255914511,-0.01911989652548414,-0.015703746024153614,-0.027000053620011486,-0.01477955946924609,-0.05565498105534938,-0.025785141248191028,-0.021856518724015773,-0.02070139215352497
0.0005623413251903491,0.5,0.024183030711553852,0.012079288168212684,-0.01863321876094197,-0.014835967956170764,-0.025718291748662712,-0.013657572647002424,-0.05434286947272425,-0.025047355606595625,-0.02087076610318587,-0.020358203397147192
0.0005623413251903491,0.75,0.02362427917990985,0.012337129815226775,-0.01834296235701465,-0.014099091988785832,-0.02370116746846595,-0.01292822238677126,-0.05451279856334676,-0.025503144678433277,-0.01984387847371741,-0.020062967522743634
0.0005623413251903491,0.9,0.023517710100511784,0.012480680820494456,-0.01824434625132824,-0.013790051054982252,-0.02327609078386224,-0.012608641085536864,-0.05461264359643476,-0.026302204499934555,-0.019398738212536022,-0.019908965319479322
0.0005623413251903491,1.0,0.02276750059445678,0.012713518353149787,-0.01818106822175453,-0.01360432255286836,-0.017444446093046025,-0.012420136648245081,-0.0546284279297163,-0.026810862873279273,-0.019228671883450645,-0.019822068553294023
0.001,0.01,0.02570572825508393,0.01281379653325208,-0.02019084961523629,-0.016178926363289672,-0.02734095168948191,-0.01610296828940861,-0.05823558858245894,-0.024694278999758984,-0.02246804412068057,-0.020434218380356448
0.001,0.02,0.02557258963027981,0.01269238676098775,-0.020041293722058887,-0.01611826388764748,-0.027240173466445708,-0.015929944696221696,-0.0577534278492921,-0.024742928482446608,-0.022254161461516958,-0.020500523476609054
0.001,0.05,0.025246826116237603,0.012400881158331037,-0.019656361581116194,-0.01602545773635808,-0.026840368177715998,-0.015484783628438619,-0.05660985361133319,-0.024840222694105116,-0.02176731688114455,-0.020750244619689065
0.001,0.1,0.024812288434008616,0.012073552851621795,-0.019353492966578907,-0.015839915113232468,-0.02568183601189481,-0.015031847667186899,-0.0553644959906283,-0.02481245429611214,-0.02130377635898199,-0.021110489067453414
0.001,0.25,0.02386171438832837,0.01160487440148802,-0.019057037952215868,-0.015028348244034699,-0.024379645324983053,-0.01402855122831682,-0.05315393013256082,-0.023972609053040085,-0.02015416566422404,-0.02111942750725155
0.001,0.5,0.023038325038569576,0.011924062814426062,-0.01877169918200807,-0.014149862930178942,-0.021514263329528688,-0.013004073541003264,-0.05325356314633059,-0.023963398394570255,-0.018646012949749845,-0.021003726835186955
0.001,0.75,0.0227042616850931,0.012143051716432304,-0.01874821449106265,-0.013870640976184009,-0.01990249300682143,-0.012405970129546827,-0.05339756000125421,-0.024552651009594202,-0.017891276260123577,-0.020865287606157887
0.001,0.9,0.022717381388235834,0.012247892513653463,-0.01885541311352297,-0.014025056250707352,-0.019375412122372378,-0.012209205367298718,-0.05358861661853262,-0.025110820363356184,-0.01759433706808082,-0.02098019020201561
0.001,1.0,0.023012453645034403,0.012301526668430766,-0.018950162001179004,-0.01418020034640105,-0.020648981501892608,-0.012078253930958623,-0.053858669064128305,-0.02561003781856369,-0.01759255305704567,-0.021180771440106255
0.0017782794100389228,0.01,0.024650837689639916,0.012030099242112348,-0.019573892124076862,-0.015929785007348526,-0.024386420361114304,-0.015350653407621786,-0.0554037467809783,-0.02408341703046632,-0.02139991412550843,-0.021078872680004825
0.0017782794100389228,0.02,0.024520528689849972,0.011925193021849094,-0.01946865886604749,-0.01587529059598336,-0.02423385888942119,-0.015150773371688814,-0.05496952820093205,-0.024091374105929115,-0.021197426542734987,-0.02117731894606277
0.0017782794100389228,0.05,0.024225118931951117,0.011685229407316589,-0.019325883534664183,-0.015703217743207612,-0.023598689124015,-0.014763931423947243,-0.05400881024851041,-0.02403448481623026,-0.020858223863923105,-0.021507710701111123
0.0017782794100389228,0.1,0.023704323295138406,0.011348129450853046,-0.019222435501212935,-0.015246101012098315,-0.02272805997690086,-0.01430584306454665,-0.05257253669553705,-0.023619715530378903,-0.020265516494775575,-0.021674378085656937
0.0017782794100389228,0.25,0.022932155684500403,0.011488627997264116,-0.019096483993742214,-0.014471727311081366,-0.020670692816191574,-0.013337858786816002,-0.052188001722098795,-0.02302409802074591,-0.0191011472639939,-0.021567235561333473
0.0017782794100389228,0.5,0.02256599576683664,0.011802887402798185,-0.01922653870058725,-0.014399892245601766,-0.018490903440170153,-0.012497138089640442,-0.052537177493909605,-0.023500689373933764,-0.01825263620555117,-0.021622990585299002
0.0017782794100389228,0.75,0.022942637939790227,0.012014891850950647,-0.0197201048056673,-0.014999318693534396,-0.017679569877025708,-0.012257850677556347,-0.05326082594703668,-0.024528558853107486,-0.01876786382822105,-0.022327010836172844
0.0017782794100389228,0.9,0.02319044986591446,0.012019905340223843,-0.02008809920138884,-0.015345637074731128,-0.01830769716111726,-0.012323898032566987,-0.053510891073331235,-0.024816289957710184,-0.018696944256926275,-0.022434142169543786
0.0017782794100389228,1.0,0.023402976742961344,0.01212000577579369,-0.02036028677109785,-0.015588921595856176,-0.018658031045194347,-0.012322727790946232,-0.05395788502076801,-0.02512723581720483,-0.01869222986337071,-0.022516496039252612
0.0031622776601683794,0.01,0.023803990380361743,0.011446848953372146,-0.019216123961226874,-0.015668221772259787,-0.021885870804764774,-0.014674860462637909,-0.05312089435878381,-0.023564426447248613,-0.020723048970194426,-0.021578476265777746
0.0031622776601683794,0.02,0.023688743310416253,0.011371230779643433,-0.01917417283073105,-0.015578114562025408,-0.021691431886366942,-0.01450020761377972,-0.05277599503720283,-0.02353840043951441,-0.020565018043527686,-0.021686606070181972
0.0031622776601683794,0.05,0.023319652501566937,0.011106006950400977,-0.019312522425107146,-0.015219330019638658,-0.02098604314762042,-0.01410046071869731,-0.051649668602771155,-0.02324786325423222,-0.02016336405668365,-0.021877967787784936
0.0031622776601683794,0.1,0.022928328917628645,0.011102604649983657,-0.019345562482158452,-0.014827542192485665,-0.020166094426427795,-0.013652840049905753,-0.05124479475976044,-0.02272983924229268,-0.019613751908395954,-0.02184620627960243
0.0031622776601683794,0.25,0.022453399720119418,0.011536780047311972,-0.01929372142528155,-0.014542801513974185,-0.018061180009942484,-0.012616310029302417,-0.05177920426665314,-0.022979047195488645,-0.018516377822956953,-0.02183855549735597
0.0031622776601683794,0.5,0.02319476004472938,0.012014133906528314,-0.020118775154238218,-0.01538350009094461,-0.018335016113230147,-0.012329284532514573,-0.05352097515997693,-0.024701087812990873,-0.01871533353987116,-0.02245410795406853
0.0031622776601683794,0.75,0.02414792758148924,0.012555428354374006,-0.02113212222579678,-0.016357927183062795,-0.01967559195827837,-0.01257353016158509,-0.05586687368305081,-0.02570194367382554,-0.018907300472718394,-0.022968131293596147
0.0031622776601683794,0.9,0.024736409438689273,0.012840211607940877,-0.021948974789211075,-0.01686475900228178,-0.020301900583642923,-0.012965738750491285,-0.05720565985508713,-0.026301769460686207,-0.019076081211368435,-0.023226391856745344
0.0031622776601683794,1.0,0.02509857921926053,0.012963438659166836,-0.022530748234240068,-0.017215232621939414,-0.02051194293670291,-0.01321174931178339,-0.057869212354529784,-0.026745419716359776,-0.01927450473868004,-0.023429823839848832
0.005623413251903491,0.01,0.0231274948997215,0.011106628881469767,-0.01907107483976879,-0.015364055857235543,-0.019874707616836206,-0.014094699023411508,-0.051540677793851956,-0.023140412199436876,-0.020155712469118174,-0.021778619398112948
0.005623413251903491,0.02,0.023009391935956372,0.01105011452442556,-0.019201526950407017,-0.015252713402033448,-0.019689704733116587,-0.01382552397744332,-0.05123061200619723,-0.022995626968623836,-0.019989448217106666,-0.021889979232722873
0.005623413251903491,0.05,0.022710046243982984,0.011028241587474721,-0.019349757193781764,-0.014880063563354154,-0.019063131085786313,-0.013452493206767923,-0.05082391032075852,-0.022708782473217115,-0.019494158211900117,-0.021908073896297987
0.005623413251903491,0.1,0.02248024846116848,0.011268985747350722,-0.01936535984215651,-0.014599548563694715,-0.01817396768753705,-0.012915807882332724,-0.05112863302405905,-0.022756933439361138,-0.01886239123414863,-0.022039346016058007
0.005623413251903491,0.25,0.02304738312763651,0.011934123013037173,-0.020006196538185483,-0.015258535366869587,-0.01812595504849359,-0.012284198078177735,-0.0532021236440489,-0.024311539624984002,-0.018796305101925887,-0.022394211618406903
0.005623413251903491,0.5,0.024744621632441153,0.012861305869630715,-0.02195241630203571,-0.01688897630020859,-0.02030757406512049,-0.012952613767410056,-0.05728434474165294,-0.026214346471452925,-0.01910123169017529,-0.02325546972147323
0.005623413251903491,0.75,0.025978001679589982,0.013205724951247166,-0.023956557167774367,-0.018132246138225987,-0.02083818292474332,-0.013957522035286034,-0.05942387850542164,-0.02736596839144549,-0.020131256881349206,-0.024018401392473795
0.005623413251903491,0.9,0.02637291776577585,0.013316427553117655,-0.024658758695186203,-0.01858182678465749,-0.020738280240452867,-0.01431582064841275,-0.06008541141168332,-0.02783771928202866,-0.020467661699500452,-0.02429786336428505
0.005623413251903491,1.0,0.02658173913177428,0.013311904633291714,-0.024997958577204715,-0.018886608102534196,-0.020701041987141462,-0.01457518879956302,-0.06025397191776058,-0.02819097289888236,-0.020542522166965855,-0.02450564860414205
0.01,0.01,0.022662780990733454,0.01108171056698235,-0.01903376309773827,-0.015100560513683584,-0.018476160864404827,-0.01349563822937016,-0.050949992338859745,-0.022867428151286544,-0.019567705935050455,-0.02181099879547406
0.01,0.02,0.022571393954690704,0.011040475271556527,-0.01920853110520324,-0.014976966961291324,-0.018365641126273265,-0.013304514323652292,-0.050706455102156246,-0.02280743241130785,-0.019338792677918208,-0.021862817929723218
0.01,0.05,0.02247489500238944,0.011247318583114896,-0.019360659945609728,-0.014699379197044133,-0.01796021067011226,-0.012900354982030696,-0.05105274149513376,-0.022872502405896174,-0.018900460480986547,-0.022052850842302227
0.01,0.1,0.02274266590138157,0.011681318393095504,-0.01970276845984825,-0.015033282980376417,-0.018106962945511944,-0.012469274543595296,-0.05238737337823774,-0.023407693222345743,-0.018706839117708117,-0.022127132563429058
0.01,0.25,0.024451782480096364,0.012721595365713179,-0.021542205666081626,-0.016663704011344323,-0.019986796383164848,-0.012725757952986827,-0.056640469104505174,-0.02578638195132569,-0.019102901714352593,-0.023166043057009825
0.01,0.5,0.02634516394507687,0.013269294259130473,-0.02460254234920625,-0.018610080891883877,-0.020753800198908302,-0.01431236076162289,-0.059950731382622385,-0.027711364852899576,-0.0204730636647263,-0.024347367458745363
0.01,0.75,0.027209481955716652,0.013210661118833891,-0.026342573012396314,-0.019856406716719108,-0.020502936902398877,-0.01546932263172774,-0.06055017178290957,-0.028941735521480067,-0.020931584340749126,-0.02508112473735242
0.01,0.9,0.02753307348580611,0.013130513481805658,-0.027146660652098142,-0.020409752891078974,-0.020274506490297564,-0.016125559290593245,-0.060645244829553704,-0.029219152465384396,-0.02108387339664463,-0.025359837870798242
0.01,1.0,0.027753109492985654,0.013113167417092975,-0.02771129351773736,-0.020732746628133604,-0.020187378636253903,-0.016471738436158342,-0.060799634649166615,-0.02934775342123314,-0.02125341663634683,-0.02552091401885544
0.01778279410038923,0.01,0.02251630092020456,0.011290020252388953,-0.01914173198987556,-0.014923686110221428,-0.017872972443000665,-0.01306097499264069,-0.051278640939649185,-0.02296558471912972,-0.019092588557812356,-0.021794227609306896
0.01778279410038923,0.02,0.02251639535772439,0.011340424521685374,-0.019318433332836383,-0.014841287698296356,-0.01789622620457386,-0.012872382387393036,-0.0513555647470091,-0.023063660858895885,-0.018920466031136472,-0.02186314160165402
0.01778279410038923,0.05,0.02281886805599265,0.011736936334687146,-0.019735013171258996,-0.015054157993684125,-0.01820007289698993,-0.01259295160474716,-0.05262308936238988,-0.02355387532846527,-0.018697597601284466,-0.022094186489121367
0.01778279410038923,0.1,0.023823105548189588,0.012359477630435272,-0.020815443442889593,-0.01606627707156694,-0.019173485432428618,-0.012480242221417887,-0.05508889351815849,-0.02507830496223985,-0.01909412629213223,-0.022788071444683096
0.01778279410038923,0.25,0.026079528722307593,0.013164043440519939,-0.02415601037719838,-0.01838470955342653,-0.020776931762317548,-0.01410401744453818,-0.059448862226825355,-0.027232578975046814,-0.020269519506094888,-0.024263599933013053
0.01778279410038923,0.5,0.027482643323153824,0.013026007848892338,-0.027123984910670546,-0.02036378945884957,-0.02030211959476476,-0.01612885551917867,-0.06032935061298711,-0.029044579026492618,-0.0211001091930847,-0.025468358269202632
0.01778279410038923,0.75,0.02841214538527918,0.012651493914572164,-0.029337541717006786,-0.021597858408125482,-0.020071718242369294,-0.017769608302461548,-0.060098919958497254,-0.029839040079167385,-0.02202036426846868,-0.02656211210613701
0.01778279410038923,0.9,0.028840989563104533,0.012303596610875284,-0.030238074192145165,-0.022066388100173896,-0.02005749791263704,-0.018552112168024798,-0.05948001465994071,-0.030333549844756863,-0.022799199814136598,-0.027201079813021185
0.01778279410038923,1.0,0.02912755737473603,0.011946880870891246,-0.030904637183509113,-0.022418837430480454,-0.020122933539758664,-0.01909987563385302,-0.05869082720027,-0.030789686535320895,-0.02338647946938534,-0.027607182005310735
0.03162277660168379,0.01,0.0227101040752089,0.011650887243802865,-0.019405965166858476,-0.014973370026502364,-0.018035210645552895,-0.012763347301018427,-0.05235433170999948,-0.02338711047787446,-0.018916501607800375,-0.02184499566606471
0.03162277660168379,0.02,0.022869271393450467,0.01178352161902615,-0.019674538530865253,-0.015026416387356818,-0.018222213371475744,-0.012669195044947127,-0.05279942380516382,-0.023713146497227416,-0.0188468269658023,-0.02200241054476525
0.03162277660168379,0.05,0.023815896037250987,0.012373531252386251,-0.020829352150531066,-0.016040370055132466,-0.019090114546102432,-0.01255137564509932,-0.05516406694230565,-0.024896957016142248,-0.019210598154220365,-0.022744333788474354
0.03162277660168379,0.1,0.025316366022671885,0.013030086011485496,-0.022886109272546168,-0.0176419034237867,-0.020492301264466196,-0.013367886978302152,-0.058355736306835215,-0.026371436471999195,-0.019626087189484064,-0.02378946727395542
0.03162277660168379,0.25,0.02720640374580383,0.012934818916631698,-0.026616372616335586,-0.019988817109091575,-0.02040368531667488,-0.01575390785702524,-0.05984512447865255,-0.028581289577779504,-0.021015821254660325,-0.025446211756210962
0.03162277660168379,0.5,0.028722114564383488,0.012102507200230027,-0.030221637827725228,-0.021991328555955172,-0.020126379220545373,-0.01854850894628774,-0.05884360989747727,-0.029971860769061057,-0.02271354589093231,-0.027360045407083755
0.03162277660168379,0.75,0.0303412011226225,0.010585364228790604,-0.03312964046612933,-0.023819326121057492,-0.02103615524296857,-0.02134752923042173,-0.055918388527071004,-0.0321984012270764,-0.025853263982860954,-0.02942690418339451
0.03162277660168379,0.9,0.03147088385899027,0.009490760337635169,-0.03496332890462752,-0.02518142484505327,-0.02247444226190139,-0.023211524433993144,-0.05391144186822959,-0.033306837264768276,-0.027977074491725533,-0.03074099680162349
0.03162277660168379,1.0,0.0321029881282642,0.008755766074661997,-0.03610753742192942,-0.02627740164758351,-0.023368491577946696,-0.023954406334947463,-0.052378457285175775,-0.03359938075206188,-0.029428182408896754,-0.03171004759757209
0.05623413251903491,0.01,0.023207637225178355,0.012102522032893715,-0.019935682308444027,-0.015342786416999089,-0.018559914518673233,-0.012639663132344273,-0.05398045339172662,-0.023987694084984128,-0.019053953301176842,-0.022160950647078622
0.05623413251903491,0.02,0.023698600739147743,0.012351138543463085,-0.020661313655997618,-0.015851769328174108,-0.0191184721283153,-0.012665182709063687,-0.055079119247845316,-0.024467676967060092,-0.01920041514060747,-0.022544856736118366
0.05623413251903491,0.05,0.025168439217042756,0.012932633197293958,-0.02263888713378925,-0.01754832134195221,-0.020371547387509435,-0.01321689803982962,-0.057967377432835504,-0.02605192257526339,-0.01975820000860879,-0.023794359816553822
0.05623413251903491,0.1,0.026476417082139415,0.012933412943636449,-0.02499666661135876,-0.019008372326390965,-0.020498259265697233,-0.014804980891663943,-0.059231309571200784,-0.02738817205462484,-0.020755269003946315,-0.025128306932232496
0.05623413251903491,0.25,0.028356378864383188,0.011970076346643382,-0.029577975627515716,-0.02160574189039957,-0.020296411114206943,-0.018173197444596383,-0.058226526708631904,-0.029285929870595695,-0.022317211509415014,-0.027368036749704283
0.05623413251903491,0.5,0.03145358014286752,0.009430522547760514,-0.03494787587710263,-0.025059901512207043,-0.022509243000974198,-0.02326537311448922,-0.053744356194419834,-0.033003970298428366,-0.02799922578836507,-0.031098695356953785
0.05623413251903491,0.75,0.0341757633660854,0.006819636315494895,-0.03964143848920011,-0.029468628978581032,-0.025638930252682678,-0.02697803799054171,-0.04811069151980575,-0.03473775098263441,-0.03381066369895433,-0.035019965016283225
0.05623413251903491,0.9,0.03606837613952972,0.005845510600419072,-0.04263289726274548,-0.032009263555546584,-0.0274978442589568,-0.02947485953456863,-0.04571868772631527,-0.03641588684430922,-0.037207878908034696,-0.03758969102576107
0.05623413251903491,1.0,0.03737788171770133,0.005405998817389283,-0.04445679786205356,-0.033747399002187484,-0.028892967466655192,-0.031011774774868,-0.04441866397450133,-0.03765672584031681,-0.03943321983922276,-0.039405504981805506
0.1,0.01,0.024001930092592827,0.01241934463764762,-0.021028982233409932,-0.01619051680349013,-0.019301227727626016,-0.012812708840794138,-0.0555418137120223,-0.024706375621670128,-0.019485449138778876,-0.022948366662951115
0.1,0.02,0.024818505461035208,0.012667773247267611,-0.022188418365556385,-0.017232573639004024,-0.01990004400651715,-0.013076468058777576,-0.05692118998036525,-0.02559609332264651,-0.0198116498210441,-0.023821606494370675
0.1,0.05,0.02630449219279406,0.01281488112680622,-0.024687247485165154,-0.018801666514006256,-0.02037988358694369,-0.014697014841535223,-0.05875346409354789,-0.027048007321496606,-0.020781497490214938,-0.025287156209442743
0.1,0.1,0.027571820967351317,0.012139140084946286,-0.027928266796339696,-0.020474122606098127,-0.02042676946595572,-0.01692333709276528,-0.058036323435095925,-0.028245122286454212,-0.02166413997601721,-0.026876486080084375
0.1,0.25,0.030734157050740143,0.009736135549577155,-0.03398034201343915,-0.024263546692536164,-0.02200154152915936,-0.02233004257495565,-0.05400337343715435,-0.03166865646871358,-0.026652772834721023,-0.030972980855241878
0.1,0.5,0.036033901429664256,0.005900913821289843,-0.042619282030644814,-0.03178039527133326,-0.027276330115077956,-0.029616045234105444,-0.045675751810080725,-0.03590183971662579,-0.03711637194156381,-0.03828519531788228
0.1,0.75,0.042766645017701325,0.005551085211414661,-0.05163377558756646,-0.04004173483042232,-0.033486229956877285,-0.03742074421483368,-0.042263517556745886,-0.04227655033758318,-0.047928016695147416,-0.04708259096243439
0.1,0.9,0.047585660773167775,0.006538368289721028,-0.05795919610623715,-0.04533243799692088,-0.03793644163130769,-0.04253572827550768,-0.04251893803577794,-0.04637445678864023,-0.05469178802431134,-0.05333629932663929
0.1,1.0,0.050963318494817805,0.007359270173759777,-0.062374983215011434,-0.04868384828104193,-0.04105460089482808,-0.04619970887921028,-0.0430187948772036,-0.04955299646322937,-0.059096179413765756,-0.05772543593425196
0.1778279410038923,0.01,0.024989114379603813,0.012378631979466134,-0.022654027030580566,-0.017400424633169688,-0.0196980478427285,-0.013459671581827048,-0.05627169523050685,-0.025719102043738673,-0.02024905175761928,-0.024460894916659894
0.1778279410038923,0.02,0.025934544370024775,0.012534630824586179,-0.024196504661642703,-0.018519200547523366,-0.020146331797012446,-0.014357775173432319,-0.05760787094273521,-0.026588237319430347,-0.020695104753669577,-0.025365329764752247
0.1778279410038923,0.05,0.027476948954028958,0.011940974572818367,-0.027479673949236144,-0.0202631785372668,-0.020425763775527045,-0.01698417388363161,-0.057448566294084784,-0.027865156418925636,-0.021964981483820943,-0.02738409728973871
0.1778279410038923,0.1,0.029161055273325603,0.010382294227268062,-0.03144472084425741,-0.02249994665573117,-0.020977275515271513,-0.02017934594464247,-0.054453926473254845,-0.029362279708592225,-0.024224920701969122,-0.030146026342886087
0.1778279410038923,0.25,0.035381309815747705,0.006219658260006259,-0.041416452458523975,-0.030454339541521856,-0.02690805738354586,-0.029080841242659413,-0.04670855905031003,-0.03446208187273719,-0.03582137678340899,-0.03819877019327434
0.1778279410038923,0.5,0.04796792483586834,0.006881929386033015,-0.058078823397370326,-0.045447269008415565,-0.03737126631350221,-0.04340034859972403,-0.04289771529246626,-0.04598717064192611,-0.055817356649836086,-0.05474344878370619
0.1778279410038923,0.75,0.0633337460518617,0.011422223795507074,-0.07830063209339193,-0.06037386330001707,-0.04925927337426231,-0.06013877504282669,-0.047255923087908686,-0.05917179184414757,-0.07699879201821817,-0.0751709176541212
0.1778279410038923,0.9,0.07393556460966905,0.014460816607951598,-0.09227187785347313,-0.06989938183277711,-0.05654645809816838,-0.07191839962599561,-0.053022284997199194,-0.0674153179480029,-0.09173293653759351,-0.08867785998414257
0.1778279410038923,1.0,0.08223757553004803,0.016623338017888206,-0.10303651021479684,-0.07720771600586897,-0.062282864429051066,-0.08104429866259233,-0.05832187391594597,-0.0739856162783494,-0.1030412744793104,-0.09898045025446922
0.31622776601683794,0.01,0.026159189503629138,0.011859470031986796,-0.024889909680124857,-0.018797144128482823,-0.019956146681341484,-0.014980956781261167,-0.05586882287535905,-0.026650173827931563,-0.02139481575237919,-0.026735546302152968
0.31622776601683794,0.02,0.027221832564278764,0.011498522167919797,-0.026957494958812153,-0.020090949223360823,-0.020332531360412374,-0.01657415299669665,-0.055884214398438034,-0.027558910998366347,-0.02235481987075629,-0.028021586707387434
0.31622776601683794,0.05,0.029527526826870275,0.010079035772232191,-0.03178744966944686,-0.0227395243558607,-0.021484923546630032,-0.02073336932032615,-0.05386942367453987,-0.029273565891901422,-0.024760782214059203,-0.031571175942197986
0.31622776601683794,0.1,0.03345753577582054,0.007326142276245147,-0.037874656791791785,-0.027439475131705287,-0.02562989412532948,-0.02682704827345119,-0.049347739386206076,-0.03230587675083065,-0.03149875668114772,-0.03673683906610213
0.31622776601683794,0.25,0.04584585413862206,0.006566467442762538,-0.05535768458220178,-0.04248720097051601,-0.03541350470056551,-0.041608319459276503,-0.043010409917116216,-0.04307361516341506,-0.0522270120382835,-0.05358908627760188
0.31622776601683794,0.5,0.07653585930505818,0.014860556849298068,-0.09359272145576102,-0.0724736669413408,-0.05799066182771538,-0.0749518080041932,-0.05527109122596779,-0.0698941132340582,-0.09519117923330553,-0.09292163251812363
0.31622776601683794,0.75,0.11284111893174181,0.022532890226369787,-0.13436480761148786,-0.1044109324671754,-0.0831779275518672,-0.11515834263843039,-0.08271330572883862,-0.1009086398223614,-0.1428147676015703,-0.13918022803220334
0.31622776601683794,0.9,0.1354840334481493,0.02724244549420726,-0.15793150016245028,-0.12468630695481998,-0.09814385763083097,-0.13966081814140516,-0.10129379412521694,-0.12047004128413565,-0.17308918275422708,-0.1685967665321083
0.31622776601683794,1.0,0.1531846110091032,0.02977598792525559,-0.1781498105643225,-0.14130855516639182,-0.1106404880149845,-0.15947653577176057,-0.11702219723581507,-0.13660750113979192,-0.19395206932449147,-0.18831973085526763
0.5623413251903491,0.01,0.02801195762547483,0.010448197817385613,-0.02858468138108142,-0.021113556125362927,-0.020683294358496605,-0.017838608388648813,-0.05343640924696442,-0.028082120602333067,-0.023984796667974498,-0.030372194232936883
0.5623413251903491,0.02,0.02962969101402964,0.009715376295102158,-0.03167378123872591,-0.023028754064334557,-0.02162842719568852,-0.02051007003991406,-0.05277260592608304,-0.029125041999925053,-0.025695482945694882,-0.03260336470187111
0.5623413251903491,0.05,0.034266239894077725,0.007192174300847506,-0.03902083247417025,-0.028196346441805874,-0.025951897829816238,-0.02792957968970754,-0.04893404461388294,-0.03257568193535295,-0.03239788574674933,-0.03912365042113667
0.5623413251903491,0.1,0.04173426150169966,0.005784490919771037,-0.04939978974837792,-0.03710398398881197,-0.03300033449022996,-0.03761878984296243,-0.04423950431357347,-0.037900087265463095,-0.04493904623023982,-0.0496725561339386
0.5623413251903491,0.25,0.07436515839322781,0.013828561006418985,-0.08896109246502956,-0.07061064245740571,-0.05630914983931366,-0.0727700662023214,-0.05535872513330115,-0.0682754831051108,-0.09202564261024875,-0.09061046533309144
0.5623413251903491,0.5,0.13760372155622314,0.02705869069757348,-0.16008240797410325,-0.12691811496205438,-0.1002883400966651,-0.14169889232236074,-0.1038057576000643,-0.12275439676949752,-0.17495213597011444,-0.17032972675492516
0.5623413251903491,0.75,0.15534037554254218,0.027641849833500945,-0.1781498105643225,-0.14434696523961738,-0.11575690754267137,-0.15947653577176057,-0.12244644775161466,-0.14027453729059192,-0.19395206932449147,-0.18831973085526763
0.5623413251903491,0.9,0.15534037554254218,0.027641849833500945,-0.1781498105643225,-0.14434696523961738,-0.11575690754267137,-0.15947653577176057,-0.12244644775161466,-0.14027453729059192,-0.19395206932449147,-0.18831973085526763
0.5623413251903491,1.0,0.15534037554254218,0.027641849833500945,-0.1781498105643225,-0.14434696523961738,-0.11575690754267137,-0.15947653577176057,-0.12244644775161466,-0.14027453729059192,-0.19395206932449147,-0.18831973085526763
1.0,0.01,0.031437720831540644,0.008308889090974365,-0.034588386400366294,-0.025324298521606177,-0.022956448876755207,-0.022984888754431883,-0.0495916948722156,-0.030426886257003936,-0.029124182934452635,-0.03650498003549345
1.0,0.02,0.03468561776000065,0.0073561943475084525,-0.03973128960225768,-0.028869964013213123,-0.025605590669406875,-0.027770407939223453,-0.04877106253838433,-0.032734641448833486,-0.03310015180803404,-0.04090183406065221
1.0,0.05,0.044203147089979536,0.00626088627255709,-0.05197042183811426,-0.039243402927042766,-0.03506644130450155,-0.04081857841628139,-0.045682068045371116,-0.03910289962798823,-0.04798854105735276,-0.053752823503184194
1.0,0.1,0.061628867344173346,0.010830889791126303,-0.07350778371712549,-0.05750007123947111,-0.047515408221173006,-0.060183609645021584,-0.04928085956363087,-0.05447198849305192,-0.0742076741674155,-0.07636354370649728
1.0,0.25,0.1316808741319391,0.025465334300121753,-0.15405623839336646,-0.12183898701634076,-0.09679172766189688,-0.13527322966389146,-0.09922491225043265,-0.11795743440570619,-0.16635318381867661,-0.16195127984520186
1.0,0.5,0.15534037554254218,0.027641849833500945,-0.1781498105643225,-0.14434696523961738,-0.11575690754267137,-0.15947653577176057,-0.12244644775161466,-0.14027453729059192,-0.19395206932449147,-0.18831973085526763
1.0,0.75,0.15534037554254218,0.027641849833500945,-0.1781498105643225,-0.14434696523961738,-0.11575690754267137,-0.15947653577176057,-0.12244644775161466,-0.14027453729059192,-0.19395206932449147,-0.18831973085526763
1.0,0.9,0.15534037554254218,0.027641849833500945,-0.1781498105643225,-0.14434696523961738,-0.11575690754267137,-0.15947653577176057,-0.12244644775161466,-0.14027453729059192,-0.19395206932449147,-0.18831973085526763
1.0,1.0,0.15534037554254218,0.027641849833500945,-0.1781498105643225,-0.14434696523961738,-0.11575690754267137,-0.15947653577176057,-0.12244644775161466,-0.14027453729059192,-0.19395206932449147,-0.18831973085526763
