param_model__alpha,cv_mse,cv_std,split0_test_score,split1_test_score,split2_test_score,split3_test_score,split4_test_score,split5_test_score,split6_test_score,split7_test_score
0.001,0.027153397832254258,0.010159039425362804,-0.032261092921229466,-0.016921870074594322,-0.0155294716942368,-0.021125315099730077,-0.0398771698618392,-0.031519370496519046,-0.04276947577156863,-0.017223416738316517
0.0017782794100389228,0.027860045438485755,0.011379003129437551,-0.031747105120687465,-0.0169397802938831,-0.015179502373230788,-0.021136088800149503,-0.04659640943982389,-0.031390612719683374,-0.0426590194024001,-0.01723184535802785
0.0031622776601683794,0.028945888830885554,0.012532857420802564,-0.031260731138509947,-0.01695541908258277,-0.017853530207040055,-0.02112854519427357,-0.05340719727644383,-0.03124994609497951,-0.04246496585292099,-0.017246775800333777
0.005623413251903491,0.030179976246812006,0.013521218972477609,-0.030780766124520173,-0.01696722890563242,-0.022921688154586513,-0.021090071046869125,-0.059200829673187384,-0.031078904928050093,-0.042127181213880566,-0.017273139927769767
0.01,0.031233610533614734,0.014365674807049204,-0.030233544544162265,-0.016975324023241638,-0.028547383281046345,-0.02100386922372141,-0.06339977094181307,-0.03084102649790345,-0.041548546303482696,-0.017319419453547
0.01778279410038923,0.03187188378985147,0.015011121802514042,-0.029516612241643668,-0.016980897877456783,-0.033162158360747165,-0.020845288242411067,-0.06600197263990736,-0.03048442333743482,-0.04058396257945287,-0.017399755039758054
0.03162277660168379,0.032003156538742826,0.015378852543204981,-0.028530721113510158,-0.01698468598111858,-0.036124876920913984,-0.020579906203607806,-0.0672716327843479,-0.029950434192492284,-0.03904671584981098,-0.017536279264140916
0.05623413251903491,0.0316248573066021,0.015446824970135744,-0.027226903507122358,-0.016982591138398895,-0.03741875178426077,-0.02016784693224937,-0.06748155191865074,-0.02919715835483849,-0.036764661701986494,-0.017759393115309687
0.1,0.03078580977181401,0.01524541527249108,-0.02565659800892264,-0.016956957760194784,-0.03721332891856201,-0.019578200404966054,-0.06682647685001128,-0.02823899659035613,-0.03371530386860665,-0.018100615772892546
0.1778279410038923,0.029592505312326548,0.014829808014640428,-0.02398062031810936,-0.01687311110997597,-0.035698877249756816,-0.018811767548096624,-0.06543923005092799,-0.027172697011276142,-0.030189309803952912,-0.01857442940651656
0.31622776601683794,0.02821468302871942,0.01425231044847618,-0.022413819202327486,-0.016701105622774298,-0.033155086819171425,-0.017920328570707595,-0.0634307806383739,-0.02614035122204835,-0.026793153483444396,-0.019162838670907886
0.5623413251903491,0.02684683589073272,0.013551405107006823,-0.021139292869813454,-0.01645203502084111,-0.03003495094357005,-0.017002048117664065,-0.06093798456595796,-0.025243372684692282,-0.024140252086886315,-0.01982475083643651
1.0,0.025634288121046567,0.012783212483207332,-0.020234564391700773,-0.016176334423508278,-0.026855326265552523,-0.016157994754887436,-0.05818694248532076,-0.024506153438291364,-0.0224516243469292,-0.020505364862182202
1.7782794100389228,0.024626723590784952,0.01205207505166252,-0.019652027580899685,-0.01591502471839494,-0.02398036168036098,-0.015432889394519422,-0.05551001078853951,-0.02391540959081685,-0.021491765980199858,-0.02111629899254839
3.1622776601683795,0.02380722873019995,0.011479764100960585,-0.019281420468895805,-0.015669920374659703,-0.021577090821624866,-0.014802147814433576,-0.05326231348306223,-0.023456820642701815,-0.02085884272863895,-0.02154927350758265
5.623413251903491,0.02316098639594004,0.011147591451254804,-0.019033641203189757,-0.01542544799186385,-0.01973141311285618,-0.014226288058065787,-0.05171576707180333,-0.02313139864767242,-0.02027947784150984,-0.021744457240559158
10.0,0.022714218417327688,0.011075934279122662,-0.018880559381075218,-0.015185265631273778,-0.018514747369527657,-0.013703935332073973,-0.05101851628242758,-0.022970731964784663,-0.019706386837613044,-0.021733604539845595
17.78279410038923,0.02251814306775704,0.011237150400660076,-0.018854465117938292,-0.014994884421010223,-0.017950250048283167,-0.013264341022118008,-0.05118746116741168,-0.023016562900109016,-0.01924681978257223,-0.021630360082613702
31.622776601683793,0.02260081787822244,0.011562284358687426,-0.019019762181505036,-0.014937627590385538,-0.017949294893582837,-0.012934621052967485,-0.052072988374590755,-0.02327236260399183,-0.019022530195937325,-0.021597356132818754
56.23413251903491,0.02293413956538684,0.011936471250166397,-0.019432416925918503,-0.015100696084626462,-0.018289957757263837,-0.012740802314854366,-0.053331410326204885,-0.023694259731590703,-0.019073974204707758,-0.02180959917792818
100.0,0.02344903512753698,0.01220676464167452,-0.020130321828745905,-0.015537963025969935,-0.018676680873205374,-0.012740004228566918,-0.0544767009519339,-0.024230075621553448,-0.019373065513565525,-0.022427468976754843
177.82794100389228,0.024094390618886637,0.012207180699690819,-0.021181305748239697,-0.01627288950203281,-0.01887440014268168,-0.013049703507679975,-0.05499702422782986,-0.02485742108110073,-0.019919438258231347,-0.02360294248329701
316.22776601683796,0.02491517922131368,0.011778633525369998,-0.02276412734852943,-0.017374864697731536,-0.018871542900449324,-0.013871511423783792,-0.0544551948389828,-0.025601911699173273,-0.02085775100404882,-0.025524529857810462
562.341325190349,0.02613842146565517,0.010782797758422195,-0.025253542826285343,-0.01909453469082771,-0.01901027955879061,-0.015542637242146683,-0.05256573301441498,-0.026563406648379827,-0.022591884736689723,-0.028485353007706486
1000.0,0.02828803147327283,0.00918377259816892,-0.029316117384393665,-0.02200561304556672,-0.020001066527667706,-0.018649382230213396,-0.04937549709410341,-0.028025317309969166,-0.025922562168016146,-0.033008696026252435
1778.2794100389228,0.032357609504203244,0.00740608359669965,-0.03602602075130324,-0.027102133047689273,-0.02281335272092589,-0.024200859439237957,-0.04569425304154535,-0.03072634622895815,-0.03222325656281803,-0.04007465424114811
3162.2776601683795,0.039945432331110045,0.00709062081033112,-0.04690519632470846,-0.035753899284881464,-0.028590130195397752,-0.03373735762482965,-0.04362896552345829,-0.03617993166299984,-0.04349083975429041,-0.05127713827831447
5623.413251903491,0.052787132137587484,0.0096767872456918,-0.06338422989290517,-0.049180450731515925,-0.03839288248464999,-0.04882265529937235,-0.046276296696335505,-0.04636615245158997,-0.0616178908093459,-0.06825649873498503
10000.0,0.07111374464747838,0.013799936354623149,-0.08521475653680896,-0.06715282907060673,-0.05223230240396013,-0.0693979602917667,-0.05556858815436923,-0.06203660163380574,-0.08639556578389829,-0.09091135330461118
